group_size,reward_intra_var_mean,reward_intra_var_std,duration_intra_mean_mean,duration_intra_mean_std,reward_inter_mean,reward_inter_std,duration_inter_mean,duration_inter_std,config,algo,env_id
10,108521.56325012093,203704.13481442645,0.39978199999999997,0.2221580040721768,1347.413206755556,744.8177041220125,0.39978199999999997,0.2221580040721768,baseline,sac,Hopper-v5
10,96930.09167458766,164750.98644892356,0.344663,0.1620650601216136,1159.597511705572,560.3989417153783,0.344663,0.1620650601216136,ga1,sac,Hopper-v5
10,40550.59886156714,122200.36459546264,0.11322600000000001,0.13272441994180612,307.3551267812294,469.0227960664493,0.11322600000000001,0.13272441994180612,ga2,sac,Hopper-v5
